timestamp,cpu_allocation_efficiency,memory_allocation_efficiency,disk_io,network_latency,node_cpu_usage,node_memory_usage,node_temperature
2025-12-05 02:14:20,0.0,1.5,46013.265625,0.0,0.0,1.1059390306472778,0.0
2025-12-05 02:15:33,0.0,1.5,58574.75390625,0.0,0.0,1.1059390306472778,0.0
2025-12-05 02:15:38,0.0,1.5,58574.75390625,0.0,0.0,1.1059390306472778,0.0
2025-12-05 02:15:43,0.0,1.5,58574.75390625,0.0,0.0,1.1059390306472778,0.0
2025-12-05 02:15:48,0.0,1.5,58574.75390625,0.0,0.0,1.1059390306472778,0.0
2025-12-05 02:15:54,0.0,1.5,46287.88671875,0.0,0.0,1.1059390306472778,0.0
2025-12-05 02:16:58,0.0,1.5,46424.4296875,0.0,0.0,1.1059390306472778,0.0
2025-12-05 02:18:02,0.0,1.5,45471.6640625,0.0,0.0,1.1059390306472778,0.0
2025-12-05 02:19:07,0.0,1.5,46424.4296875,0.0,0.0,1.1059390306472778,0.0
2025-12-05 02:20:11,0.0,1.5,46287.88671875,0.0,0.0,1.1059390306472778,0.0
2025-12-05 02:21:15,0.0,1.5,45333.6015625,0.0,0.0,1.1059390306472778,0.0
2025-12-05 02:22:19,1.5,1.5,46697.51171875,0.0,6.644031047821045,1.1725397109985352,0.0
2025-12-05 02:23:24,1.5,1.5,47108.7109375,0.0,6.663998126983643,1.372137188911438,0.0
2025-12-05 02:24:29,1.5,1.5,44649.375,0.0,6.6465654373168945,1.3700926303863525,0.0
2025-12-05 02:25:33,1.5,1.5,44377.76953125,0.0,6.6445441246032715,1.3877267837524414,0.0
2025-12-05 02:26:38,1.5,1.5,43695.03515625,0.0,3.728788137435913,1.306814432144165,0.0
2025-12-05 02:27:42,0.0,1.5,43283.953125,0.0,0.0,1.306814432144165,0.0
2025-12-05 02:28:46,0.0,1.5,45468.6328125,0.0,0.0,1.306814432144165,0.0
2025-12-05 02:30:01,0.0,1.5,55709.3125,0.0,0.0,1.306814432144165,0.0
2025-12-05 02:30:07,0.0,1.5,55709.3125,0.0,0.0,1.306814432144165,0.0
2025-12-05 02:30:12,0.0,1.5,55709.3125,0.0,0.0,1.306814432144165,0.0
2025-12-05 02:30:17,0.0,1.5,55709.3125,0.0,0.0,1.306814432144165,0.0
2025-12-05 02:30:22,0.0,1.5,955523.9375,0.0,0.0,1.306814432144165,0.0
2025-12-05 02:31:27,0.0,1.5,302315.03125,0.0,0.0,1.306814432144165,0.0
2025-12-05 02:32:31,0.0,1.5,44649.375,0.0,0.0,1.306814432144165,0.0
2025-12-05 14:37:05,0.0,0.0,0.0,0.0,0.0,0.0,0.0
2025-12-05 14:37:47,0.0,0.0,0.0,0.0,0.0,0.0,0.0
2025-12-05 14:38:28,0.0,0.0,0.0,0.0,0.0,0.0,0.0
2025-12-05 14:39:10,0.0,0.0,0.0,0.0,0.0,0.0,0.0
2025-12-05 14:39:52,0.0,0.0,0.0,0.0,0.0,0.0,0.0
2025-12-05 14:41:34,0.0,0.0,0.0,0.0,0.0,0.0,0.0
2025-12-05 14:43:15,0.0,0.0,0.0,0.0,0.0,0.0,0.0
2025-12-05 14:44:55,0.0,0.0,0.0,0.0,0.0,0.0,0.0
2025-12-05 14:46:35,0.0,0.0,0.0,0.0,0.0,0.0,0.0
2025-12-05 14:48:15,0.0,0.0,0.0,0.0,0.0,0.0,0.0
2025-12-05 14:49:56,0.0,0.0,0.0,0.0,0.0,0.0,0.0
2025-12-05 15:05:30,0.0,0.0,0.0,0.0,0.0,0.0,0.0
2025-12-05 15:07:11,0.0,0.0,0.0,0.0,0.0,0.0,0.0
2025-12-05 15:08:52,0.0,0.0,0.0,0.0,0.0,0.0,0.0
2025-12-05 15:15:13,0.0,1.5,59124.84765625,0.0,0.0,1.1153438091278076,0.0
2025-12-05 15:15:18,0.0,1.5,59124.84765625,0.0,0.0,1.1153438091278076,0.0
2025-12-05 15:15:23,0.0,1.5,59124.84765625,0.0,0.0,1.1153438091278076,0.0
2025-12-05 15:15:29,0.0,1.5,59124.84765625,0.0,0.0,1.1153438091278076,0.0
2025-12-05 15:15:34,0.0,1.5,62536.4375,0.0,0.0,1.1153438091278076,0.0
2025-12-05 15:16:39,1.5,1.5,59944.12890625,0.0,4.39541482925415,1.1841423511505127,0.0
2025-12-05 15:17:43,1.5,1.5,57895.921875,0.0,6.648650646209717,1.189713716506958,0.0
2025-12-05 15:18:47,1.5,1.5,59944.12890625,0.0,6.6491923332214355,1.1704440116882324,0.0
2025-12-05 15:19:51,1.5,1.5,55849.578125,0.0,6.64956521987915,1.2031054496765137,0.0
2025-12-05 15:20:55,1.5,1.5,61580.640625,0.0,5.200538158416748,1.173459768295288,0.0
2025-12-05 15:22:00,0.0,1.5,62536.4375,0.0,0.0,1.1151905059814453,0.0
2025-12-05 15:23:04,0.0,1.5,60626.86328125,0.0,0.0,1.1151905059814453,0.0
2025-12-05 15:24:09,0.0,1.5,63219.1484375,0.0,0.0,1.1151905059814453,0.0
2025-12-05 15:25:13,0.0,1.5,58442.109375,0.0,0.0,1.1151905059814453,0.0
2025-12-05 15:26:17,0.0,1.5,59261.39453125,0.0,0.0,1.1151905059814453,0.0
2025-12-05 15:27:21,0.0,1.5,55299.6875,0.0,0.0,1.1151905059814453,0.0
2025-12-05 15:28:25,0.0,1.5,58574.75390625,0.0,0.0,1.1151905059814453,0.0
2025-12-05 15:29:30,1.5,1.5,60078.671875,0.0,6.65248966217041,1.1733574867248535,0.0
2025-12-05 15:30:34,1.5,1.5,61580.640625,0.0,6.649210453033447,1.1967673301696777,0.0
2025-12-05 15:31:39,1.5,1.5,63221.25390625,0.0,5.589812278747559,1.2039743661880493,0.0
2025-12-05 15:32:44,1.5,1.5,57757.44921875,0.0,5.2542948722839355,1.1729997396469116,0.0
2025-12-05 15:33:48,1.5,1.5,58713.24609375,0.0,10.224064826965332,1.1917582750320435,0.0
2025-12-05 15:34:53,1.5,1.5,59803.59375,0.0,6.657771587371826,1.1851646900177002,0.0
2025-12-05 15:35:58,1.5,1.5,60353.76953125,0.0,6.677661895751953,1.2674059867858887,0.0
2025-12-05 15:36:59,1.5,1.5,65950.0,0.0,6.687963962554932,1.2968472242355347,0.0
2025-12-05 15:38:01,1.5,1.5,59942.12890625,0.0,6.665771961212158,1.1186151504516602,0.0
2025-12-05 15:39:03,0.0,1.5,60488.30078125,0.0,0.0,1.115037202835083,0.0
2025-12-05 15:40:04,0.0,1.5,59120.90234375,0.0,0.0,1.115037202835083,0.0
2025-12-05 15:41:06,0.0,1.5,59122.875,0.0,0.0,1.115037202835083,0.0
2025-12-05 15:42:08,0.0,1.5,99672.65625,0.0,0.0,1.115037202835083,0.0
2025-12-05 15:43:09,0.0,1.5,63355.69140625,0.0,0.0,1.115037202835083,0.0
2025-12-05 15:44:11,0.0,1.5,58030.53515625,0.0,0.0,1.115037202835083,0.0
2025-12-05 15:45:13,0.0,1.5,59669.04296875,0.0,0.0,1.115037202835083,0.0
2025-12-05 15:46:15,0.0,1.5,60486.28125,0.0,0.0,1.115037202835083,0.0
2025-12-05 15:47:16,0.0,1.5,54888.23046875,0.0,0.0,1.115037202835083,0.0
2025-12-05 15:49:32,0.0,1.5,0.0,0.0,0.1723390817642212,34.209022521972656,0.0
2025-12-05 15:49:37,0.0,1.5,0.0,0.0,0.1723390817642212,34.209022521972656,0.0
2025-12-05 15:49:42,0.0,1.5,0.0,0.0,0.1723390817642212,34.209022521972656,0.0
2025-12-05 15:49:48,0.0,1.5,0.0,0.0,0.1723390817642212,34.209022521972656,0.0
2025-12-05 15:49:53,0.0,1.5,0.0,0.0,0.1723390817642212,34.209022521972656,0.0
2025-12-05 15:50:55,0.0,1.5,0.0,0.0,0.1716781109571457,34.120750427246094,0.0
2025-12-05 15:51:56,0.0,1.5,0.0,0.0,0.2023468166589737,34.19522476196289,0.0
2025-12-05 15:52:58,0.0,1.5,0.0,0.0,0.18033935129642487,34.533390045166016,0.0
2025-12-05 15:54:00,0.0,1.5,0.0,0.0,0.15433847904205322,34.423648834228516,0.0
2025-12-05 15:55:02,0.0,1.5,0.0,0.0,0.15400514006614685,34.43560791015625,0.0
2025-12-05 15:56:03,1.5,1.5,0.0,0.0,0.4206807017326355,34.7092170715332,0.0
2025-12-05 15:57:05,1.5,1.5,0.0,0.0,1.4467631578445435,34.80730438232422,0.0
2025-12-05 15:58:07,1.5,1.5,0.0,0.0,1.4757158756256104,34.621456146240234,0.0
2025-12-05 15:59:09,1.5,1.5,0.0,0.0,1.4968163967132568,34.838584899902344,0.0
2025-12-05 16:00:10,1.5,1.5,0.0,0.0,1.4720491170883179,34.72496032714844,0.0
2025-12-05 16:12:34,0.0,1.5,59805.586,0.0,0.0,2.2318122,0.0
2025-12-05 16:12:39,0.0,1.5,59805.586,0.0,0.0,2.2318122,0.0
2025-12-05 16:12:44,0.0,1.5,59805.586,0.0,0.0,2.2318122,0.0
2025-12-05 16:12:49,0.0,1.5,59805.586,0.0,0.0,2.2318122,0.0
2025-12-05 16:12:54,0.0,1.5,59805.586,0.0,0.0,2.2318122,0.0
2025-12-05 16:13:54,0.0,1.5,59942.13,0.0,0.0,2.2318122,0.0
2025-12-05 16:14:55,1.5,1.5,58986.332,0.0,11.717061,2.4681602,0.0
2025-12-05 16:15:55,1.5,1.5,50245.94,0.0,13.376997,2.5385432,0.0
2025-12-05 16:16:55,1.5,1.5,62128.88,0.0,13.370585,2.5085397,0.0
2025-12-05 16:17:55,1.5,1.5,58303.62,0.0,12.308489,2.572227,0.0
2025-12-05 16:18:58,1.5,1.5,62126.81,0.0,11.989003,2.380603,0.0
2025-12-05 16:19:59,1.5,1.5,58711.29,0.0,0.43357298,2.2318122,0.0
2025-12-05 16:20:59,1.5,1.5,63628.773,0.0,5.9586806,2.35842,0.0
2025-12-05 16:21:59,1.5,1.5,75641.984,0.0,13.288465,2.3725784,0.0
2025-12-05 16:23:00,1.5,1.5,55849.58,0.0,12.271171,2.3578577,0.0
2025-12-05 16:24:03,1.5,1.5,56392.027,0.0,13.304055,2.357142,0.0
2025-12-05 16:25:03,1.5,1.5,56940.094,0.0,13.293456,2.3491683,0.0
2025-12-05 16:26:03,1.5,1.5,60624.84,0.0,6.0561237,2.2318122,0.0
2025-12-05 16:27:04,0.0,1.5,58442.11,0.0,0.0,2.2318122,0.0
2025-12-05 16:28:04,0.0,1.5,59532.504,0.0,0.0,2.2318122,0.0
2025-12-05 16:29:11,0.0,1.5,60213.207,0.0,0.0,2.2318122,0.0
2025-12-05 16:29:16,0.0,1.5,60213.207,0.0,0.0,2.2318122,0.0
2025-12-05 16:29:21,0.0,1.5,60213.207,0.0,0.0,2.2318122,0.0
2025-12-05 16:29:26,0.0,1.5,60213.207,0.0,0.0,2.2318122,0.0
2025-12-05 16:29:32,0.0,1.5,60219.23,0.0,0.0,2.2318122,0.0
2025-12-05 16:30:32,1.5,1.5,62672.977,0.0,11.973477,2.3465617,0.0
2025-12-05 16:31:33,1.5,1.5,60215.215,0.0,13.294809,2.3527975,0.0
2025-12-05 16:32:33,1.5,1.5,58442.11,0.0,12.30836,2.3517241,0.0
2025-12-05 16:33:33,1.5,1.5,58576.707,0.0,10.619917,2.3641958,0.0
2025-12-05 16:34:33,1.5,1.5,60076.668,0.0,11.616415,2.353104,0.0
2025-12-05 16:35:36,1.5,1.5,63901.86,0.0,0.6340441,2.2319145,0.0
2025-12-05 16:36:37,0.0,1.5,70453.55,0.0,0.0,2.2319145,0.0
2025-12-05 16:37:37,0.0,1.5,61442.047,0.0,0.0,2.2319145,0.0
2025-12-05 16:38:37,0.0,1.5,58713.246,0.0,0.0,2.2319145,0.0
2025-12-05 16:39:38,0.0,1.5,58030.535,0.0,0.0,2.2319145,0.0
2025-12-05 16:40:41,0.0,1.5,57892.062,0.0,0.0,2.2319145,0.0
2025-12-05 16:41:38,0.0,1.5,70592.44,0.0,0.0,2.2319145,0.0
2025-12-05 16:41:43,0.0,1.5,70592.44,0.0,0.0,2.2319145,0.0
2025-12-05 16:41:49,0.0,1.5,70592.44,0.0,0.0,2.2319145,0.0
2025-12-05 16:41:54,0.0,1.5,70592.44,0.0,0.0,2.2319145,0.0
2025-12-05 16:41:59,0.0,1.5,70592.44,0.0,0.0,2.2319145,0.0
2025-12-05 16:42:04,0.0,1.5,60490.316,0.0,0.0,2.2319145,0.0
2025-12-05 16:42:10,0.0,1.5,60490.316,0.0,0.0,2.2319145,0.0
2025-12-05 16:42:15,0.0,1.5,60490.316,0.0,0.0,2.2319145,0.0
2025-12-05 16:42:20,0.0,1.5,60490.316,0.0,0.0,2.2319145,0.0
2025-12-05 16:42:25,0.0,1.5,60490.316,0.0,0.0,2.2319145,0.0
2025-12-05 16:42:30,0.0,1.5,58984.367,0.0,0.0,2.2319145,0.0
2025-12-05 16:42:36,0.0,1.5,58984.367,0.0,0.0,2.2319145,0.0
2025-12-05 16:42:41,0.0,1.5,58984.367,0.0,0.0,2.2319145,0.0
2025-12-05 16:42:46,0.0,1.5,58984.367,0.0,0.0,2.2319145,0.0
2025-12-05 16:42:51,0.0,1.5,58984.367,0.0,0.0,2.2319145,0.0
2025-12-05 16:42:57,0.0,1.5,58984.367,0.0,0.0,2.2319145,0.0
2025-12-05 16:43:02,0.0,1.5,59395.96,0.0,0.0,2.2319145,0.0
2025-12-05 16:43:07,0.0,1.5,59395.96,0.0,0.0,2.2319145,0.0
2025-12-05 16:43:12,0.0,1.5,59395.96,0.0,0.0,2.2319145,0.0
2025-12-05 16:43:17,0.0,1.5,59395.96,0.0,0.0,2.2319145,0.0
2025-12-05 16:44:18,1.5,1.5,77419.56,0.0,0.025995847,2.5775428,0.0
2025-12-05 16:45:19,0.0,1.5,58305.562,0.0,0.0,2.5775428,0.0
2025-12-05 16:46:19,0.0,1.5,132309.62,0.0,0.0,2.5775428,0.0
2025-12-05 16:47:19,0.0,1.5,57622.83,0.0,0.0,2.5775428,0.0
2025-12-05 16:48:20,0.0,1.5,57347.824,0.0,0.0,2.5775428,0.0
2025-12-05 16:49:23,1.5,1.5,83566.76,0.0,0.019287782,2.9249089,0.0
2025-12-05 16:50:23,0.0,1.5,65128.57,0.0,0.0,2.9249089,0.0
2025-12-05 16:51:24,0.0,1.5,61034.47,0.0,0.0,2.9249089,0.0
2025-12-05 16:52:24,0.0,1.5,61171.01,0.0,0.0,2.9249089,0.0
2025-12-05 16:53:24,0.0,1.5,59534.49,0.0,0.0,2.9249089,0.0
2025-12-05 16:54:27,1.5,1.5,75232.375,0.0,0.017054973,3.2724795,0.0
2025-12-05 16:55:28,0.0,1.5,55299.688,0.0,0.0,3.2724795,0.0
2025-12-05 16:58:56,0.0,1.5,162081.28,0.0,0.0,2.2893658,0.0
2025-12-05 16:59:01,0.0,1.5,84383.23,0.0,0.0,2.2893658,0.0
2025-12-05 16:59:06,0.0,1.5,84383.23,0.0,0.0,2.2893658,0.0
2025-12-05 16:59:11,0.0,1.5,84383.23,0.0,0.0,2.2893658,0.0
2025-12-05 16:59:17,0.0,1.5,84383.23,0.0,0.0,2.2893658,0.0
2025-12-05 16:59:22,0.0,1.5,84383.23,0.0,0.0,2.2893658,0.0
2025-12-05 16:59:27,0.0,1.5,84383.23,0.0,0.0,2.2893658,0.0
2025-12-05 16:59:32,0.0,1.5,94487.37,0.0,0.0,2.2893658,0.0
2025-12-05 16:59:37,0.0,1.5,94487.37,0.0,0.0,2.2893658,0.0
2025-12-05 16:59:43,0.0,1.5,94487.37,0.0,0.0,2.2893658,0.0
2025-12-05 16:59:48,0.0,1.5,94487.37,0.0,0.0,2.2893658,0.0
2025-12-05 16:59:53,0.0,1.5,94487.37,0.0,0.0,2.2893658,0.0
2025-12-05 16:59:58,0.0,1.5,94487.37,0.0,0.0,2.2893658,0.0
2025-12-05 17:00:03,0.0,1.5,60624.84,0.0,0.0,2.2893658,0.0
2025-12-05 17:00:09,0.0,1.5,60624.84,0.0,0.0,2.2893658,0.0
2025-12-05 17:00:14,0.0,1.5,60624.84,0.0,0.0,2.2893658,0.0
2025-12-05 17:00:19,0.0,1.5,60624.84,0.0,0.0,2.2893658,0.0
2025-12-05 17:00:24,0.0,1.5,60624.84,0.0,0.0,2.2893658,0.0
2025-12-05 17:00:30,0.0,1.5,61446.145,0.0,0.0,2.2893658,0.0
2025-12-05 17:00:35,0.0,1.5,61446.145,0.0,0.0,2.2893658,0.0
2025-12-05 17:01:35,0.0,1.5,67451.96,0.0,0.0,2.2893658,0.0
2025-12-05 17:02:36,0.0,1.5,59940.133,0.0,0.0,2.2893658,0.0
2025-12-05 17:03:36,0.0,1.5,59259.418,0.0,0.0,2.2893658,0.0
2025-12-05 17:04:36,0.0,1.5,56663.223,0.0,0.0,2.2893658,0.0
2025-12-05 17:05:37,0.0,1.5,60351.758,0.0,0.0,2.2893658,0.0
2025-12-05 17:06:40,0.0,1.5,72913.664,0.0,0.0,2.2893658,0.0
2025-12-05 17:07:40,1.5,1.5,58303.62,0.0,10.297024,2.4082553,0.0
2025-12-05 17:08:41,1.5,1.5,160300.81,0.0,11.803183,2.762982,0.0
2025-12-05 17:09:41,1.5,1.5,60213.207,0.0,12.02075,2.769371,0.0
2025-12-05 17:10:41,1.5,1.5,75371.42,0.0,13.309186,2.7712622,0.0
2025-12-05 17:11:45,1.5,1.5,67859.33,0.0,12.17341,2.7669687,0.0
2025-12-05 17:12:45,1.5,1.5,66088.74,0.0,0.07296564,2.6353009,0.0
2025-12-05 17:13:45,0.0,1.5,54042.527,0.0,0.0,2.6353009,0.0
2025-12-05 17:14:46,0.0,1.5,59259.418,0.0,0.0,2.6353009,0.0
2025-12-05 17:15:46,1.5,1.5,64857.656,0.0,8.161268,2.7711601,0.0
2025-12-05 17:16:49,1.5,1.5,67995.87,0.0,13.323695,3.076511,0.0
2025-12-05 17:17:50,1.5,1.5,60488.3,0.0,13.30646,3.1236887,0.0
2025-12-05 17:19:27,1.5,1.5,58847.83,0.0,12.621841,3.189727,0.0
2025-12-05 17:19:32,1.5,1.5,52432.297,0.0,12.048796,3.189727,0.0
2025-12-05 17:19:37,1.5,1.5,52432.297,0.0,14.603023,3.2792265,0.0
2025-12-05 17:19:42,1.5,1.5,52432.297,0.0,14.765906,3.2792265,0.0
2025-12-05 17:19:48,1.5,1.5,52432.297,0.0,17.973438,3.215335,0.0
2025-12-05 17:19:53,1.5,1.5,52432.297,0.0,20.56261,3.215335,0.0
2025-12-05 17:19:58,1.5,1.5,52432.297,0.0,21.706385,3.2436516,0.0
2025-12-05 17:20:03,1.5,1.5,62946.062,0.0,19.664549,3.2436516,0.0
2025-12-05 17:20:09,1.5,1.5,62946.062,0.0,20.314335,3.2257109,0.0
2025-12-05 17:20:14,1.5,1.5,62946.062,0.0,23.276306,3.2257109,0.0
2025-12-05 17:20:19,1.5,1.5,62946.062,0.0,24.472311,3.0946052,0.0
2025-12-05 17:20:24,1.5,1.5,62946.062,0.0,24.472311,3.0946052,0.0
2025-12-05 17:20:29,1.5,1.5,62946.062,0.0,19.746197,3.0830536,0.0
2025-12-05 17:20:35,1.5,1.5,63221.254,0.0,18.769724,3.0830536,0.0
2025-12-05 17:20:40,1.5,1.5,63221.254,0.0,18.345465,3.0962918,0.0
2025-12-05 17:20:45,1.5,1.5,63221.254,0.0,14.949606,3.0962918,0.0
2025-12-05 17:20:50,1.5,1.5,63221.254,0.0,15.643165,3.1042655,0.0
2025-12-05 17:20:55,1.5,1.5,63221.254,0.0,14.139697,3.1042655,0.0
2025-12-05 17:21:01,1.5,1.5,59669.043,0.0,12.038422,3.1160216,0.0
2025-12-05 17:21:06,1.5,1.5,59669.043,0.0,11.463972,3.1160216,0.0
2025-12-05 17:22:07,1.5,1.5,55711.17,0.0,13.321097,3.4746838,0.0
2025-12-05 17:23:07,1.5,1.5,48882.19,0.0,13.293725,3.4683459,0.0
2025-12-05 17:24:07,1.5,1.5,48880.562,0.0,13.2959,3.464768,0.0
2025-12-05 17:25:08,1.5,1.5,52707.137,0.0,2.2055178,3.3250241,0.0
2025-12-05 17:26:40,0.0,1.5,54890.06,0.0,0.0,3.3250241,0.0
2025-12-05 17:26:45,0.0,1.5,54890.06,0.0,0.0,3.3250241,0.0
2025-12-05 17:26:51,0.0,1.5,54890.06,0.0,0.0,3.3250241,0.0
2025-12-05 17:26:56,0.0,1.5,54890.06,0.0,0.0,3.3250241,0.0
2025-12-05 17:27:01,0.0,1.5,43420.496,0.0,0.0,3.3250241,0.0
2025-12-05 17:27:06,0.0,1.5,43420.496,0.0,0.0,3.3250241,0.0
2025-12-05 17:27:11,0.0,1.5,43420.496,0.0,0.0,3.3250241,0.0
2025-12-05 17:27:17,0.0,1.5,43420.496,0.0,0.0,3.3250241,0.0
2025-12-05 17:27:22,0.0,1.5,43420.496,0.0,0.0,3.3250241,0.0
2025-12-05 17:27:27,0.0,1.5,43420.496,0.0,0.0,3.3250241,0.0
2025-12-05 17:27:32,0.0,1.5,49018.734,0.0,0.0,3.3250241,0.0
2025-12-05 17:27:38,0.0,1.5,49018.734,0.0,0.0,3.3250241,0.0
2025-12-05 17:27:43,0.0,1.5,49018.734,0.0,0.0,3.3250241,0.0
2025-12-05 17:27:48,0.0,1.5,49018.734,0.0,0.0,3.3250241,0.0
2025-12-05 17:27:53,0.0,1.5,49018.734,0.0,0.0,3.3250241,0.0
2025-12-05 17:27:58,0.0,1.5,49018.734,0.0,0.0,3.3250241,0.0
2025-12-05 17:28:04,0.0,1.5,51476.5,0.0,0.0,3.3250241,0.0
2025-12-05 17:28:09,0.0,1.5,51476.5,0.0,0.0,3.3250241,0.0
2025-12-05 17:28:14,0.0,1.5,51476.5,0.0,0.0,3.3250241,0.0
2025-12-05 17:28:19,0.0,1.5,51476.5,0.0,0.0,3.3250241,0.0
2025-12-05 17:29:20,0.0,1.5,49563.254,0.0,0.0,3.3250241,0.0
2025-12-05 17:30:20,0.0,1.5,50240.918,0.0,0.0,3.3250241,0.0
2025-12-05 17:31:21,0.0,1.5,190209.95,0.0,0.0,3.3250241,0.0
2025-12-05 17:32:21,0.0,1.5,48336.023,0.0,0.0,3.3250241,0.0
2025-12-05 17:33:21,0.0,1.5,49974.53,0.0,0.0,3.3250241,0.0
2025-12-05 17:34:25,0.0,1.5,188571.39,0.0,0.0,3.3250241,0.0
2025-12-05 17:34:30,0.0,1.5,51203.414,0.0,0.0,3.3250241,0.0
2025-12-05 17:34:35,0.0,1.5,51203.414,0.0,0.0,3.3250241,0.0
2025-12-05 17:34:41,0.0,1.5,51203.414,0.0,0.0,3.3250241,0.0
2025-12-05 17:34:46,0.0,1.5,51203.414,0.0,0.0,3.3250241,0.0
2025-12-05 17:34:51,0.0,1.5,51203.414,0.0,0.0,3.3250241,0.0
2025-12-05 17:34:56,0.0,1.5,51203.414,0.0,0.0,3.3250241,0.0
2025-12-05 17:35:01,0.0,1.5,46560.973,0.0,0.0,3.3250241,0.0
2025-12-05 17:35:07,0.0,1.5,46560.973,0.0,0.0,3.3250241,0.0
2025-12-05 17:35:12,0.0,1.5,46560.973,0.0,0.0,3.3250241,0.0
2025-12-05 17:35:17,0.0,1.5,46560.973,0.0,0.0,3.3250241,0.0
2025-12-05 17:35:22,0.0,1.5,46560.973,0.0,0.0,3.3250241,0.0
2025-12-05 17:35:27,0.0,1.5,46560.973,0.0,0.0,3.3250241,0.0
2025-12-05 17:35:33,0.0,1.5,51886.125,0.0,0.0,3.3250241,0.0
2025-12-05 17:35:38,0.0,1.5,51886.125,0.0,0.0,3.3250241,0.0
2025-12-05 17:35:43,0.0,1.5,51886.125,0.0,0.0,3.3250241,0.0
2025-12-05 17:35:48,0.0,1.5,51886.125,0.0,0.0,3.3250241,0.0
2025-12-05 17:35:53,0.0,1.5,51886.125,0.0,0.0,3.3250241,0.0
2025-12-05 17:35:59,0.0,1.5,51886.125,0.0,0.0,3.3250241,0.0
2025-12-05 17:36:04,0.0,1.5,46014.8,0.0,0.0,3.3250241,0.0
2025-12-05 17:37:04,1.5,1.5,179286.19,0.0,0.23208591,2.3532064,0.0
2025-12-05 17:38:05,1.5,1.5,48609.105,0.0,12.092218,2.4358056,0.0
2025-12-05 17:39:05,1.5,1.5,53115.008,0.0,13.35084,2.417558,0.0
2025-12-05 17:40:05,1.5,1.5,50244.266,0.0,10.260857,2.4143891,0.0
2025-12-05 17:41:06,1.5,1.5,45605.17,0.0,10.515822,2.454513,0.0
2025-12-05 17:43:07,0.0,1.5,0.0,0.0,0.0,2.3847432,0.0
2025-12-05 17:44:07,1.5,1.5,49837.99,0.0,6.373356,2.4380546,0.0
2025-12-05 17:45:08,1.5,1.5,48609.105,0.0,11.997293,2.4421434,0.0
2025-12-05 17:46:08,1.5,1.5,48745.65,0.0,10.710859,2.4319208,0.0
2025-12-05 17:47:08,1.5,1.5,53524.637,0.0,21.768795,2.524027,0.0
2025-12-05 17:48:11,1.5,1.5,50249.293,0.0,22.878609,2.6201713,0.0
2025-12-05 17:49:12,1.5,1.5,47243.684,0.0,18.105494,2.4325342,0.0
2025-12-05 17:50:12,1.5,1.5,57893.992,0.0,10.560002,2.422056,0.0
2025-12-05 17:51:12,1.5,1.5,49153.637,0.0,22.796091,2.5912921,0.0
2025-12-05 17:52:13,1.5,1.5,47518.35,0.0,11.974457,2.4160247,0.0
2025-12-05 17:53:40,1.5,1.5,45741.715,0.0,13.370016,2.4372368,0.0
2025-12-05 17:53:45,1.5,1.5,45741.715,0.0,13.367295,2.4275763,0.0
2025-12-05 17:53:50,1.5,1.5,45741.715,0.0,12.017026,2.4275763,0.0
2025-12-05 17:53:56,1.5,1.5,45741.715,0.0,13.363165,2.415309,0.0
2025-12-05 17:54:01,1.5,1.5,49156.914,0.0,13.363313,2.415309,0.0
2025-12-05 17:54:06,1.5,1.5,49156.914,0.0,13.353803,2.4544618,0.0
2025-12-05 17:54:11,1.5,1.5,49156.914,0.0,13.3521385,2.4544618,0.0
2025-12-05 17:54:16,1.5,1.5,49156.914,0.0,12.25771,2.4544618,0.0
2025-12-05 17:54:22,1.5,1.5,49156.914,0.0,10.270836,2.4544618,0.0
2025-12-05 17:54:27,1.5,1.5,49156.914,0.0,13.343443,2.4262984,0.0
2025-12-05 17:54:32,1.5,1.5,51474.78,0.0,13.341126,2.4262984,0.0
2025-12-05 17:54:37,1.5,1.5,51474.78,0.0,13.341126,2.4262984,0.0
2025-12-05 17:54:42,1.5,1.5,51474.78,0.0,10.081197,2.4262984,0.0
2025-12-05 17:54:48,1.5,1.5,51474.78,0.0,13.344643,2.4441369,0.0
2025-12-05 17:54:53,1.5,1.5,51474.78,0.0,13.344643,2.4441369,0.0
2025-12-05 17:54:58,1.5,1.5,48474.18,0.0,13.344435,2.452315,0.0
2025-12-05 17:55:03,1.5,1.5,48474.18,0.0,12.359175,2.452315,0.0
2025-12-05 17:55:08,1.5,1.5,48474.18,0.0,13.347048,2.4408658,0.0
2025-12-05 17:55:14,1.5,1.5,48474.18,0.0,10.833355,2.4408658,0.0
2025-12-05 17:55:19,1.5,1.5,48474.18,0.0,11.843155,2.420727,0.0
2025-12-05 17:56:19,0.0,1.5,46560.973,0.0,0.0,2.293046,0.0
2025-12-05 17:57:20,1.5,1.5,47516.77,0.0,0.32197052,2.369716,0.0
2025-12-05 17:58:20,1.5,1.5,51339.957,0.0,13.31467,2.4215448,0.0
2025-12-05 17:59:20,1.5,1.5,44787.41,0.0,12.234975,2.4226694,0.0
2025-12-05 18:00:21,1.5,1.5,44376.293,0.0,11.345016,2.4180691,0.0
2025-12-05 18:01:24,1.5,1.5,45057.5,0.0,12.2864,2.41122,0.0
2025-12-05 18:02:24,1.5,1.5,48472.566,0.0,14.800109,2.4281895,0.0
2025-12-05 18:03:25,1.5,1.5,47380.227,0.0,13.31856,2.4322276,0.0
2025-12-05 18:04:25,1.5,1.5,65950.0,0.0,12.161505,2.4344766,0.0
2025-12-05 18:05:25,1.5,1.5,55847.72,0.0,12.082589,2.453593,0.0
2025-12-05 18:06:29,1.5,1.5,45468.633,0.0,11.670196,2.4246116,0.0
2025-12-05 18:07:30,1.5,1.5,55570.918,0.0,7.515091,2.2933526,0.0
2025-12-05 18:18:28,0.0,1.5,73459.83,0.0,0.0,1.1432006,0.0
2025-12-05 18:18:33,0.0,1.5,73459.83,0.0,0.0,1.1432006,0.0
2025-12-05 18:18:38,0.0,1.5,73459.83,0.0,0.0,1.1432006,0.0
2025-12-05 18:18:43,0.0,1.5,73459.83,0.0,0.0,1.1432006,0.0
2025-12-05 18:18:49,0.0,1.5,73459.83,0.0,0.0,1.1432006,0.0
2025-12-05 18:18:54,0.0,1.5,73459.83,0.0,0.0,1.1432006,0.0
2025-12-05 18:18:59,0.0,1.5,54205.54,0.0,0.0,1.1432006,0.0
2025-12-05 18:19:04,0.0,1.5,54205.54,0.0,0.0,1.1432006,0.0
2025-12-05 18:19:09,0.0,1.5,54205.54,0.0,0.0,1.1432006,0.0
2025-12-05 18:19:15,0.0,1.5,54205.54,0.0,0.0,1.1432006,0.0
2025-12-05 18:19:20,0.0,1.5,54205.54,0.0,0.0,1.1432006,0.0
2025-12-05 18:19:25,0.0,1.5,54205.54,0.0,0.0,1.1432006,0.0
2025-12-05 18:19:30,0.0,1.5,55436.23,0.0,0.0,1.1432006,0.0
2025-12-05 18:19:35,0.0,1.5,55436.23,0.0,0.0,1.1432006,0.0
2025-12-05 18:19:41,0.0,1.5,55436.23,0.0,0.0,1.1432006,0.0
2025-12-05 18:19:46,0.0,1.5,55436.23,0.0,0.0,1.1432006,0.0
2025-12-05 18:19:51,0.0,1.5,55436.23,0.0,0.0,1.1432006,0.0
2025-12-05 18:19:56,0.0,1.5,55436.23,0.0,0.0,1.1432006,0.0
2025-12-05 18:20:01,0.0,1.5,47516.77,0.0,0.0,1.1432006,0.0
2025-12-05 18:20:07,0.0,1.5,47516.77,0.0,0.0,1.1432006,0.0
2025-12-05 18:21:07,0.0,1.5,51201.707,0.0,0.0,1.1432006,0.0
2025-12-05 18:22:08,1.5,1.5,49837.99,0.0,0.0039627827,1.142945,0.0
2025-12-05 18:23:08,0.0,1.5,55984.266,0.0,0.0,1.142945,0.0
2025-12-05 18:24:08,0.0,1.5,50657.242,0.0,0.0,1.142945,0.0
2025-12-05 18:25:08,0.0,1.5,54078.016,0.0,0.0,1.1429962,0.0
2025-12-05 18:26:12,0.0,1.5,50247.617,0.0,0.0,1.1429962,0.0
2025-12-05 18:27:12,0.0,1.5,49703.105,0.0,0.0,1.1429962,0.0
2025-12-05 18:28:13,0.0,1.5,55711.17,0.0,0.0,1.1429962,0.0
2025-12-05 18:29:13,1.5,1.5,54484.066,0.0,0.005708872,1.142945,0.0
2025-12-05 18:30:13,1.5,1.5,50930.33,0.0,0.39074507,1.2041277,0.0
2025-12-05 18:31:16,1.5,1.5,55026.6,0.0,13.346093,1.2089834,0.0
2025-12-05 18:32:16,1.5,1.5,51203.414,0.0,13.338387,1.2094946,0.0
2025-12-05 18:33:16,1.5,1.5,50520.703,0.0,25.998314,1.2545766,0.0
2025-12-05 18:35:17,1.5,1.5,53115.008,0.0,22.828346,1.2230908,0.0
2025-12-05 18:36:21,1.5,1.5,49017.1,0.0,13.305527,1.2081656,0.0
2025-12-05 18:37:21,1.5,1.5,49020.367,0.0,12.26555,1.2132258,0.0
2025-12-05 18:38:21,1.5,1.5,142959.94,0.0,0.010560969,1.142945,0.0
2025-12-05 18:39:22,1.5,1.5,54480.434,0.0,2.1906512,10.456151,0.0
2025-12-05 18:40:23,1.5,1.5,7136096.0,0.0,11.179371,59.1923,0.0
2025-12-05 18:41:25,1.5,1.5,90793850.0,0.0,3.3703425,73.26114,0.0
2025-12-05 18:42:26,1.5,1.5,60373260.0,0.0,2.5665195,72.06907,0.0
2025-12-05 18:43:27,1.5,1.5,57659012.0,0.0,2.3405337,70.60355,0.0
2025-12-05 18:44:27,1.5,1.5,43937384.0,0.0,2.3316524,70.8583,0.0
2025-12-05 18:45:28,1.5,1.5,44714916.0,0.0,2.3836222,71.43685,0.0
2025-12-05 18:46:31,1.5,1.5,45278556.0,0.0,2.3695393,70.83745,0.0
2025-12-05 18:47:32,1.5,1.5,49474910.0,0.0,1.6900401,71.00326,0.0
2025-12-05 18:48:33,1.5,1.5,40634220.0,0.0,2.1097507,71.27871,0.0
2025-12-05 18:49:33,1.5,1.5,70862930.0,0.0,1.9605844,74.61492,0.0
2025-12-05 18:50:34,1.5,1.5,143575170.0,0.0,2.3477888,76.17598,0.0
2025-12-05 19:01:18,0.0,0.0,0.0,0.0,0.0,0.0,0.0
2025-12-05 19:02:00,0.0,0.0,0.0,0.0,0.0,0.0,0.0
2025-12-05 19:02:41,0.0,0.0,0.0,0.0,0.0,0.0,0.0
2025-12-05 19:03:23,0.0,0.0,0.0,0.0,0.0,0.0,0.0
2025-12-05 19:04:05,0.0,0.0,0.0,0.0,0.0,0.0,0.0
2025-12-05 19:04:47,0.0,0.0,0.0,0.0,0.0,0.0,0.0
2025-12-05 19:05:29,0.0,0.0,0.0,0.0,0.0,0.0,0.0
2025-12-05 19:06:11,0.0,0.0,0.0,0.0,0.0,0.0,0.0
2025-12-05 19:06:53,0.0,0.0,0.0,0.0,0.0,0.0,0.0
2025-12-05 19:07:34,0.0,0.0,0.0,0.0,0.0,0.0,0.0
2025-12-05 19:08:16,0.0,0.0,0.0,0.0,0.0,0.0,0.0
2025-12-05 19:08:58,0.0,0.0,0.0,0.0,0.0,0.0,0.0
2025-12-05 19:09:39,0.0,0.0,0.0,0.0,0.0,0.0,0.0
2025-12-05 19:10:21,0.0,0.0,0.0,0.0,0.0,0.0,0.0
2025-12-05 19:11:03,0.0,0.0,0.0,0.0,0.0,0.0,0.0
2025-12-05 19:11:44,0.0,0.0,0.0,0.0,0.0,0.0,0.0
2025-12-05 19:12:26,0.0,0.0,0.0,0.0,0.0,0.0,0.0
2025-12-05 19:12:56,0.0,0.0,0.0,0.0,0.0,0.0,0.0
2025-12-05 19:13:01,1.5,1.5,0.0,0.0,0.027035333,0.20930907,0.0
2025-12-05 19:13:06,1.5,1.5,0.0,0.0,0.0268997,0.20930907,0.0
2025-12-05 19:14:07,1.5,1.5,0.0,0.0,0.008385683,0.24115267,0.0
2025-12-05 19:15:07,0.0,1.5,253148.16,0.0,0.0,0.12057634,0.0
2025-12-05 19:16:07,0.0,1.5,157538.47,0.0,0.0,0.12057634,0.0
2025-12-05 19:17:07,0.0,1.5,126335.445,0.0,0.0,0.12057634,0.0
2025-12-05 19:18:08,0.0,1.5,55032.105,0.0,0.0,0.12057634,0.0
2025-12-05 19:19:09,0.0,1.5,59399.92,0.0,0.0,0.16857174,0.0
2025-12-05 19:20:09,0.0,1.5,62401.973,0.0,0.0,0.16857174,0.0
2025-12-05 19:21:09,0.0,1.5,54890.06,0.0,0.0,0.16857174,0.0
2025-12-05 19:22:09,0.0,1.5,72640.58,0.0,0.0,0.16857174,0.0
2025-12-05 19:23:10,1.5,1.5,27497834.0,0.0,1.39218,0.16857174,0.0
2025-12-05 19:24:12,1.5,1.5,120422290.0,0.0,2.5205667,0.0728876,0.0
2025-12-05 19:25:12,1.5,1.5,103227700.0,0.0,1.720051,0.07350096,0.0
2025-12-05 19:26:13,1.5,1.5,140635840.0,0.0,1.7977856,0.053413425,0.0
2025-12-25 22:57:04,0.0,0.0,0.0,0.0,0.0,0.0,0.0
2025-12-25 22:57:46,0.0,0.0,0.0,0.0,0.0,0.0,0.0
2025-12-25 22:58:27,0.0,0.0,0.0,0.0,0.0,0.0,0.0
2025-12-25 22:59:09,0.0,0.0,0.0,0.0,0.0,0.0,0.0
2025-12-25 22:59:51,0.0,0.0,0.0,0.0,0.0,0.0,0.0
2025-12-25 23:00:33,0.0,0.0,0.0,0.0,0.0,0.0,0.0
2025-12-25 23:01:15,0.0,0.0,0.0,0.0,0.0,0.0,0.0
2025-12-25 23:01:57,0.0,0.0,0.0,0.0,0.0,0.0,0.0
2025-12-25 23:02:38,0.0,0.0,0.0,0.0,0.0,0.0,0.0
2025-12-25 23:03:20,0.0,0.0,0.0,0.0,0.0,0.0,0.0
2025-12-25 23:04:02,0.0,0.0,0.0,0.0,0.0,0.0,0.0
2025-12-25 23:04:44,0.0,0.0,0.0,0.0,0.0,0.0,0.0
2025-12-25 23:05:25,0.0,0.0,0.0,0.0,0.0,0.0,0.0
2025-12-25 23:06:07,0.0,0.0,0.0,0.0,0.0,0.0,0.0
2025-12-25 23:06:49,0.0,0.0,0.0,0.0,0.0,0.0,0.0
2025-12-25 23:07:30,0.0,0.0,0.0,0.0,0.0,0.0,0.0
2025-12-25 23:08:12,0.0,0.0,0.0,0.0,0.0,0.0,0.0
2025-12-25 23:08:54,0.0,0.0,0.0,0.0,0.0,0.0,0.0
2025-12-25 23:09:36,0.0,0.0,0.0,0.0,0.0,0.0,0.0
2025-12-25 23:10:17,0.0,0.0,0.0,0.0,0.0,0.0,0.0
2025-12-25 23:11:55,0.0,0.0,0.0,0.0,0.0,0.0,0.0
2025-12-25 23:13:32,0.0,0.0,0.0,0.0,0.0,0.0,0.0
2025-12-25 23:15:09,0.0,0.0,0.0,0.0,0.0,0.0,0.0
2025-12-25 23:16:28,0.0,0.0,0.0,0.0,0.0,0.0,0.0
2025-12-25 23:17:10,0.0,0.0,0.0,0.0,0.0,0.0,0.0
2025-12-25 23:17:52,0.0,0.0,0.0,0.0,0.0,0.0,0.0
2025-12-25 23:18:33,0.0,0.0,0.0,0.0,0.0,0.0,0.0
2025-12-25 23:19:15,0.0,0.0,0.0,0.0,0.0,0.0,0.0
2025-12-25 23:19:57,0.0,0.0,0.0,0.0,0.0,0.0,0.0
2025-12-25 23:20:39,0.0,0.0,0.0,0.0,0.0,0.0,0.0
2025-12-25 23:21:21,0.0,0.0,0.0,0.0,0.0,0.0,0.0
2025-12-25 23:22:02,0.0,0.0,0.0,0.0,0.0,0.0,0.0
2025-12-25 23:22:44,0.0,0.0,0.0,0.0,0.0,0.0,0.0
2025-12-25 23:23:26,0.0,0.0,0.0,0.0,0.0,0.0,0.0
2025-12-25 23:24:08,0.0,0.0,0.0,0.0,0.0,0.0,0.0
2025-12-25 23:24:49,0.0,0.0,0.0,0.0,0.0,0.0,0.0
2025-12-25 23:25:31,0.0,0.0,0.0,0.0,0.0,0.0,0.0
2025-12-25 23:26:13,0.0,0.0,0.0,0.0,0.0,0.0,0.0
2025-12-25 23:26:55,0.0,0.0,0.0,0.0,0.0,0.0,0.0
2025-12-25 23:27:36,0.0,0.0,0.0,0.0,0.0,0.0,0.0
2025-12-25 23:28:18,0.0,0.0,0.0,0.0,0.0,0.0,0.0
2025-12-25 23:29:00,0.0,0.0,0.0,0.0,0.0,0.0,0.0
2025-12-25 23:29:42,0.0,0.0,0.0,0.0,0.0,0.0,0.0
2025-12-25 23:31:19,0.0,0.0,0.0,0.0,0.0,0.0,0.0
2025-12-25 23:32:56,0.0,0.0,0.0,0.0,0.0,0.0,0.0
2025-12-25 23:34:33,0.0,0.0,0.0,0.0,0.0,0.0,0.0
2025-12-25 23:36:10,0.0,0.0,0.0,0.0,0.0,0.0,0.0
2025-12-25 23:37:47,0.0,0.0,0.0,0.0,0.0,0.0,0.0
2025-12-25 23:39:24,0.0,0.0,0.0,0.0,0.0,0.0,0.0
2025-12-25 23:41:01,0.0,0.0,0.0,0.0,0.0,0.0,0.0
2025-12-25 23:42:38,0.0,0.0,0.0,0.0,0.0,0.0,0.0
2025-12-25 23:44:16,0.0,0.0,0.0,0.0,0.0,0.0,0.0
2025-12-25 23:52:01,0.0,0.0,0.0,0.0
2025-12-25 23:52:40,0.0,0.0,0.0,0.0
2025-12-25 23:53:20,0.0,0.0,0.0,0.0
2025-12-25 23:53:59,0.0,0.0,0.0,0.0
2025-12-25 23:54:39,0.0,0.0,0.0,0.0
2025-12-25 23:55:47,0.0,0.0,0.0,0.0
2025-12-25 23:56:21,0.0,0.0,0.0,0.0
2025-12-25 23:56:56,0.0,0.0,0.0,0.0
2025-12-25 23:57:30,0.0,0.0,0.0,0.0
2025-12-25 23:58:04,0.0,0.0,0.0,0.0
2025-12-25 23:58:39,0.0,0.0,0.0,0.0
2025-12-25 23:59:13,0.0,0.0,0.0,0.0
2025-12-25 23:59:48,0.0,0.0,0.0,0.0
2025-12-26 00:00:22,0.0,0.0,0.0,0.0
2025-12-26 00:00:57,0.0,0.0,0.0,0.0
